<?xml version="1.0" encoding="UTF-8"?>


<beans xmlns="http://www.springframework.org/schema/beans"
    xmlns:xsi="http://www.w3.org/2001/XMLSchema-instance"
    xsi:schemaLocation="http://www.springframework.org/schema/beans
    http://www.springframework.org/schema/beans/spring-beans-3.0.xsd">
   <bean id="empbean1" class="problem3.Employee" > 
       	<constructor-arg value="12345"></constructor-arg>  
		<constructor-arg value="Harriet"></constructor-arg>
		<constructor-arg value="40000.0"></constructor-arg>  
		<constructor-arg value="30"></constructor-arg> 
   </bean>
   <bean id="empbean2" class="problem3.Employee" > 
       	<constructor-arg value="12346"></constructor-arg>  
		<constructor-arg value="Garima"></constructor-arg>
		<constructor-arg value="40000.0"></constructor-arg>  
		<constructor-arg value="35"></constructor-arg> 
   </bean>
   <bean id="sbubean" class="problem3.SBU" > 
       	<constructor-arg value="PES-BU"></constructor-arg>  
		<constructor-arg value="Product Engineering Services"></constructor-arg>
		<constructor-arg value="Kiran Rao"></constructor-arg>  
		<constructor-arg><list>
			<ref bean = "empbean1"></ref>
			<ref bean = "empbean2"></ref>
		</list></constructor-arg> 
   </bean>
</beans>