<?xml version="1.0" encoding="UTF-8"?>

<beans xmlns="http://www.springframework.org/schema/beans"
    xmlns:xsi="http://www.w3.org/2001/XMLSchema-instance"
    xsi:schemaLocation="http://www.springframework.org/schema/beans
    http://www.springframework.org/schema/beans/spring-beans-3.0.xsd">
    
<bean id="employee" class="problem2.Employee">  
<property name="employeeId" value="12345"></property>  
<property name="employeeName" value="Harriet"></property>  
<property name="salary" value="40000.0"></property>  
<property name="businessUnit" ref="sbu"></property>  
</bean>  
  
<bean id="sbu" class="problem2.SBU">  
<property name="sbuId" value="PES-BU"></property>  
<property name="sbuName" value="Product Engineering Services"></property>  
<property name="sbuHead" value="Kiran Rao"></property>  
</bean>  
  
</beans>